[
    {
        "user": "U007",
        "text": "새로운 기능 개발 진행 상황은 어떤가요?",
        "ts": "1703100000.000001"
    },
    {
        "user": "U008",
        "text": "로그인 기능 구현이 완료되었습니다. OAuth 2.0을 사용했습니다.",
        "ts": "1703100300.000002"
    },
    {
        "user": "U007",
        "text": "좋습니다! 테스트는 진행하셨나요?",
        "ts": "1703100600.000003"
    },
    {
        "user": "U008",
        "text": "네, 유닛 테스트와 통합 테스트 모두 작성했습니다. 커버리지는 85%입니다.",
        "ts": "1703100900.000004"
    },
    {
        "user": "U009",
        "text": "CI/CD 파이프라인에 추가해주세요.",
        "ts": "1703101200.000005"
    },
    {
        "user": "U008",
        "text": "GitHub Actions에 설정 완료했습니다.",
        "ts": "1703101500.000006"
    },
    {
        "user": "U010",
        "text": "데이터베이스 마이그레이션 스크립트도 준비해야 합니다.",
        "ts": "1703101800.000007"
    },
    {
        "user": "U008",
        "text": "Alembic을 사용해서 마이그레이션 스크립트 작성하겠습니다.",
        "ts": "1703102100.000008"
    },
    {
        "user": "U007",
        "text": "프론트엔드 통합은 언제 가능한가요?",
        "ts": "1703102400.000009"
    },
    {
        "user": "U011",
        "text": "React 컴포넌트는 준비되어 있습니다. API 엔드포인트만 연결하면 됩니다.",
        "ts": "1703102700.000010"
    }
]