[
    {
        "user": "U012",
        "text": "보안 감사 결과가 나왔습니다.",
        "ts": "1703200000.000001"
    },
    {
        "user": "U013",
        "text": "어떤 이슈가 발견되었나요?",
        "ts": "1703200300.000002"
    },
    {
        "user": "U012",
        "text": "SQL 인젝션 취약점 2개와 XSS 취약점 1개가 발견되었습니다.",
        "ts": "1703200600.000003"
    },
    {
        "user": "U013",
        "text": "즉시 패치 작업을 시작하겠습니다. 예상 소요 시간은 3일입니다.",
        "ts": "1703200900.000004"
    },
    {
        "user": "U014",
        "text": "보안 패치는 최우선 순위로 처리해주세요.",
        "ts": "1703201200.000005"
    },
    {
        "user": "U013",
        "text": "네, 다른 작업을 중단하고 보안 패치에 집중하겠습니다.",
        "ts": "1703201500.000006"
    },
    {
        "user": "U015",
        "text": "WAF 규칙도 업데이트해야 할 것 같습니다.",
        "ts": "1703201800.000007"
    },
    {
        "user": "U012",
        "text": "CloudFlare WAF 규칙 업데이트 완료했습니다.",
        "ts": "1703202100.000008"
    },
    {
        "user": "U014",
        "text": "패치 완료 후 재감사를 진행해주세요.",
        "ts": "1703202400.000009"
    },
    {
        "user": "U013",
        "text": "알겠습니다. 패치 완료 즉시 재감사 요청하겠습니다.",
        "ts": "1703202700.000010"
    }
]